"rf_error","mae"
26.2285599767531,18.4942883665989
