"rf_error","mae"
41.7082616838757,16.9499372629923
