"rf_error","mae"
26.2012051212484,18.4912486629324
