"rf_error","mae"
19.1872953824399,11.16855207716
