"rf_error","mae"
77.7661719780394,68.2704467063998
